session_id,transaction_amount,merchant_category,hour_of_day,device_type,location_cluster,transaction_frequency,average_amount,is_fraud
SID_0000,46.93,travel,22,tablet,UAE,17,40.66,0
SID_0001,301.01,food,1,mobile,UAE,27,276.67,0
SID_0002,131.67,entertainment,7,tablet,USA,29,148.02,0
SID_0003,91.29,electronics,21,tablet,UAE,5,109.31,0
SID_0004,16.96,entertainment,7,tablet,USA,20,16.11,0
SID_0005,16.96,electronics,16,mobile,UK,25,18.44,0
SID_0006,5.98,clothing,14,tablet,UK,9,4.76,0
SID_0007,201.12,electronics,16,mobile,India,21,157.57,0
SID_0008,91.91,travel,22,tablet,UK,26,77.35,0
SID_0009,123.13,food,23,mobile,USA,20,123.56,0
SID_0010,2.08,clothing,12,tablet,UAE,7,2.1,0
SID_0011,350.36,electronics,18,desktop,India,22,276.48,0
SID_0012,178.64,entertainment,4,tablet,UAE,4,121.46,0
SID_0013,23.87,clothing,11,tablet,USA,13,23.38,0
SID_0014,20.07,clothing,0,mobile,UK,13,13.59,0
SID_0015,20.26,electronics,22,mobile,India,10,19.19,0
SID_0016,36.28,clothing,4,tablet,USA,18,36.86,0
SID_0017,74.39,entertainment,7,desktop,India,17,75.91,0
SID_0018,56.55,clothing,12,desktop,India,20,59.5,0
SID_0019,34.42,entertainment,7,mobile,UK,20,38.68,0
SID_0020,94.64,electronics,22,desktop,USA,13,85.17,0
SID_0021,15.02,food,10,tablet,UAE,17,15.59,0
SID_0022,34.55,clothing,0,mobile,India,22,33.57,0
SID_0023,45.63,food,12,tablet,India,4,32.49,0
SID_0024,60.89,entertainment,18,mobile,UAE,1,37.47,0
SID_0025,153.79,clothing,23,mobile,USA,1,118.53,0
SID_0026,22.27,travel,2,mobile,India,15,19.28,0
SID_0027,72.2,food,23,mobile,India,13,70.05,0
SID_0028,89.75,clothing,16,desktop,India,17,99.62,0
SID_0029,4.76,food,4,tablet,USA,24,3.42,1
SID_0030,93.53,clothing,19,tablet,USA,26,63.16,0
SID_0031,18.7,electronics,20,tablet,UAE,8,22.03,0
SID_0032,6.73,food,7,mobile,USA,18,4.47,1
SID_0033,297.37,travel,13,desktop,USA,27,263.8,0
SID_0034,337.06,travel,3,tablet,UK,13,320.66,0
SID_0035,165.23,entertainment,10,desktop,UAE,23,152.81,0
SID_0036,36.33,clothing,19,mobile,India,14,23.67,0
SID_0037,10.28,food,14,tablet,USA,8,6.52,0
SID_0038,115.28,entertainment,18,desktop,India,8,76.46,0
SID_0039,58.01,food,6,mobile,India,27,55.19,0
SID_0040,13.02,clothing,18,desktop,UK,26,12.06,0
SID_0041,68.35,travel,18,tablet,USA,15,50.6,0
SID_0042,3.5,electronics,10,tablet,UAE,27,3.44,0
SID_0043,240.04,travel,4,mobile,USA,13,262.13,0
SID_0044,29.95,entertainment,4,mobile,India,7,18.72,0
SID_0045,108.63,electronics,21,mobile,UAE,5,97.65,0
SID_0046,37.35,entertainment,7,desktop,USA,17,37.86,0
SID_0047,73.41,clothing,9,desktop,India,28,55.16,0
SID_0048,79.12,electronics,5,desktop,India,25,62.08,0
SID_0049,20.44,entertainment,14,mobile,UK,29,19.79,0
SID_0050,349.28,clothing,15,tablet,UK,16,397.75,0
SID_0051,149.22,travel,16,tablet,UK,23,162.05,0
SID_0052,280.51,clothing,7,desktop,India,2,266.45,0
SID_0053,225.22,food,7,desktop,USA,22,233.81,0
SID_0054,91.11,clothing,8,tablet,UK,18,74.61,0
SID_0055,254.94,clothing,1,tablet,USA,17,251.01,0
SID_0056,9.27,food,14,desktop,UK,7,8.15,0
SID_0057,21.81,entertainment,17,desktop,UAE,13,15.57,0
SID_0058,4.63,entertainment,2,tablet,UAE,18,4.73,0
SID_0059,39.35,clothing,16,mobile,UK,29,36.75,0
SID_0060,49.21,food,3,desktop,India,14,40.11,0
SID_0061,31.66,food,3,tablet,UK,18,36.31,0
SID_0062,176.46,travel,13,tablet,UK,13,108.09,0
SID_0063,44.12,entertainment,8,tablet,India,11,34.83,0
SID_0064,32.98,electronics,8,tablet,UAE,21,20.91,0
SID_0065,78.24,entertainment,22,mobile,USA,21,82.93,0
SID_0066,15.19,entertainment,17,tablet,UK,16,15.51,0
SID_0067,162.05,travel,9,desktop,India,23,129.45,0
SID_0068,7.75,electronics,20,mobile,UK,17,7.79,1
SID_0069,433.41,travel,3,tablet,India,8,363.01,0
SID_0070,147.95,electronics,11,mobile,USA,19,155.9,0
SID_0071,22.15,clothing,7,desktop,USA,20,19.33,0
SID_0072,0.55,electronics,1,tablet,UAE,15,0.47,0
SID_0073,168.99,travel,21,desktop,India,9,196.17,0
SID_0074,122.71,entertainment,12,tablet,India,20,92.1,0
SID_0075,130.57,electronics,20,tablet,UAE,10,87.78,0
SID_0076,147.52,electronics,15,tablet,UAE,12,140.25,0
SID_0077,7.69,food,1,tablet,India,21,9.09,0
SID_0078,44.39,entertainment,10,tablet,UAE,23,36.7,0
SID_0079,12.32,clothing,9,mobile,USA,20,7.85,1
SID_0080,198.85,travel,14,tablet,UK,1,159.79,0
SID_0081,97.63,clothing,16,tablet,USA,25,88.21,0
SID_0082,40.18,entertainment,7,mobile,UAE,20,28.01,0
SID_0083,6.57,electronics,17,mobile,India,9,6.54,0
SID_0084,37.25,electronics,22,mobile,India,22,44.65,0
SID_0085,39.33,entertainment,8,mobile,USA,15,34.26,0
SID_0086,130.79,electronics,7,mobile,India,1,106.31,0
SID_0087,101.49,electronics,13,mobile,UAE,12,85.29,0
SID_0088,218.23,electronics,17,tablet,USA,3,146.02,0
SID_0089,63.91,travel,21,tablet,India,11,72.22,0
SID_0090,12.74,travel,19,desktop,UK,2,10.81,0
SID_0091,124.91,food,19,tablet,UK,16,103.97,0
SID_0092,143.04,clothing,20,tablet,UAE,9,142.44,1
SID_0093,82.39,entertainment,11,mobile,India,15,71.29,0
SID_0094,147.39,entertainment,18,mobile,UAE,12,145.76,0
SID_0095,68.08,entertainment,13,tablet,USA,1,43.36,0
SID_0096,73.97,food,16,desktop,UK,13,80.5,0
SID_0097,55.78,travel,23,mobile,USA,14,64.94,0
SID_0098,2.57,food,20,tablet,India,25,2.54,0
SID_0099,11.42,entertainment,2,tablet,UAE,25,13.39,0
SID_0100,3.19,clothing,22,desktop,UAE,8,2.2,0
SID_0101,101.17,electronics,6,desktop,UAE,8,89.68,0
SID_0102,37.74,travel,16,mobile,USA,27,36.27,0
SID_0103,71.04,travel,11,desktop,UK,12,67.42,0
SID_0104,238.13,food,8,tablet,USA,1,200.24,0
SID_0105,28.67,travel,14,tablet,USA,11,23.02,0
SID_0106,52.83,entertainment,17,desktop,India,8,35.72,0
SID_0107,140.87,entertainment,20,desktop,India,10,117.63,0
SID_0108,25.98,food,12,desktop,India,19,18.12,1
SID_0109,8.01,entertainment,20,desktop,UK,11,8.34,0
SID_0110,34.21,clothing,7,mobile,UK,7,24.81,0
SID_0111,17.58,food,13,desktop,India,11,11.17,0
SID_0112,265.5,clothing,7,mobile,India,17,247.29,0
SID_0113,165.09,electronics,13,tablet,UK,1,158.01,0
SID_0114,100.35,clothing,6,desktop,UAE,26,112.71,1
SID_0115,205.15,electronics,22,mobile,UK,29,194.11,0
SID_0116,162.8,electronics,11,desktop,UK,21,131.43,0
SID_0117,20.65,clothing,10,tablet,UK,21,22.34,0
SID_0118,223.08,food,21,tablet,India,8,206.16,0
SID_0119,77.51,entertainment,21,tablet,UAE,23,50.19,0
SID_0120,164.73,entertainment,10,desktop,UK,24,154.77,0
SID_0121,226.42,electronics,21,desktop,India,6,259.21,0
SID_0122,38.27,electronics,12,mobile,USA,22,32.06,0
SID_0123,11.66,food,17,tablet,USA,18,9.07,0
SID_0124,25.87,travel,1,desktop,UK,6,17.75,0
SID_0125,55.71,clothing,20,tablet,USA,5,38.49,0
SID_0126,170.38,electronics,14,tablet,UAE,13,146.47,0
SID_0127,197.13,entertainment,19,mobile,USA,19,188.73,0
SID_0128,0.7,food,17,mobile,USA,22,0.45,0
SID_0129,71.49,clothing,14,mobile,UAE,8,83.2,0
SID_0130,54.03,food,18,mobile,UK,9,56.9,0
SID_0131,25.12,clothing,22,tablet,UK,17,23.91,0
SID_0132,12.77,clothing,23,mobile,UAE,3,14.01,0
SID_0133,41.19,electronics,11,mobile,UAE,19,26.7,0
SID_0134,286.31,food,12,mobile,UAE,11,253.7,0
SID_0135,39.04,food,21,mobile,USA,24,38.18,0
SID_0136,73.15,entertainment,10,tablet,UAE,17,80.26,0
SID_0137,121.41,entertainment,4,mobile,India,21,129.92,0
SID_0138,45.2,electronics,0,tablet,USA,19,34.63,0
SID_0139,356.78,electronics,23,desktop,UK,2,415.48,0
SID_0140,328.2,travel,2,tablet,UK,8,221.41,0
SID_0141,29.01,entertainment,21,tablet,UK,19,32.64,1
SID_0142,68.77,clothing,18,mobile,USA,7,81.32,0
SID_0143,35.79,food,22,desktop,India,28,25.28,0
SID_0144,33.52,electronics,6,desktop,UAE,27,34.63,0
SID_0145,3.76,food,11,desktop,UAE,17,2.35,1
SID_0146,94.05,food,14,desktop,UK,6,79.31,0
SID_0147,69.85,travel,4,tablet,UK,19,63.55,0
SID_0148,5.29,entertainment,14,desktop,USA,24,5.02,0
SID_0149,32.66,electronics,7,tablet,India,6,37.94,0
SID_0150,238.89,food,9,tablet,UAE,28,239.69,0
SID_0151,27.39,electronics,15,tablet,USA,2,24.34,1
SID_0152,15.65,clothing,7,desktop,UAE,6,16.99,0
SID_0153,67.23,travel,0,mobile,UK,23,78.68,0
SID_0154,424.4,clothing,11,mobile,UAE,5,260.26,0
SID_0155,27.71,electronics,4,desktop,India,19,32.96,0
SID_0156,111.52,electronics,2,mobile,India,20,72.68,0
SID_0157,143.39,entertainment,0,mobile,UK,4,156.1,0
SID_0158,27.13,food,3,tablet,India,22,20.84,0
SID_0159,130.27,food,7,tablet,India,26,88.49,0
SID_0160,45.85,clothing,2,desktop,USA,17,39.61,0
SID_0161,100.05,travel,9,desktop,UAE,11,98.69,0
SID_0162,100.38,food,1,mobile,UK,4,83.17,1
SID_0163,76.74,entertainment,10,tablet,UK,26,48.56,0
SID_0164,9.46,clothing,9,desktop,UK,13,9.08,0
SID_0165,180.36,clothing,20,desktop,UK,20,205.87,0
SID_0166,38.68,entertainment,13,desktop,UK,26,32.1,0
SID_0167,20.64,travel,6,desktop,India,17,15.06,0
SID_0168,4.16,entertainment,1,desktop,USA,9,3.6,0
SID_0169,89.38,travel,8,desktop,UK,4,56.22,0
SID_0170,113.19,entertainment,15,mobile,USA,23,123.64,0
SID_0171,1.67,entertainment,12,tablet,USA,28,1.83,0
SID_0172,71.76,electronics,8,tablet,India,14,68.37,1
SID_0173,25.68,clothing,19,desktop,UK,19,20.85,0
SID_0174,103.61,entertainment,3,tablet,India,26,111.89,0
SID_0175,19.16,entertainment,21,tablet,UK,28,17.87,0
SID_0176,117.42,food,9,tablet,India,3,128.64,0
SID_0177,48.9,clothing,21,desktop,USA,14,47.87,0
SID_0178,276.03,food,11,desktop,UK,8,295.53,0
SID_0179,14.79,clothing,16,tablet,UAE,24,14.19,1
SID_0180,41.71,food,13,tablet,USA,27,35.39,0
SID_0181,12.04,entertainment,13,desktop,UAE,28,14.14,0
SID_0182,258.62,entertainment,1,mobile,USA,1,239.14,0
SID_0183,209.83,electronics,20,tablet,India,10,202.08,0
SID_0184,29.83,food,19,mobile,UK,18,21.84,0
SID_0185,107.88,travel,10,tablet,USA,16,105.23,1
SID_0186,169.95,electronics,15,mobile,India,8,160.26,0
SID_0187,81.01,food,18,mobile,UK,1,57.59,0
SID_0188,75.43,food,22,mobile,UK,12,47.95,0
SID_0189,27.69,electronics,5,desktop,USA,8,26.65,0
SID_0190,9.77,entertainment,23,mobile,UK,24,10.34,0
SID_0191,227.51,food,18,mobile,USA,16,207.95,0
SID_0192,230.68,entertainment,4,mobile,UK,18,169.8,0
SID_0193,100.27,electronics,3,tablet,UAE,4,100.26,1
SID_0194,41.4,entertainment,14,mobile,India,6,26.83,0
SID_0195,42.96,clothing,3,tablet,UAE,12,37.16,0
SID_0196,129.45,travel,19,mobile,USA,27,90.36,0
SID_0197,227.41,food,9,mobile,UAE,9,161.61,0
SID_0198,218.11,travel,23,desktop,USA,15,157.34,0
SID_0199,151.36,entertainment,21,tablet,UK,16,125.94,0
SID_0200,102.73,food,2,mobile,UK,24,64.79,0
SID_0201,8.79,entertainment,4,tablet,USA,12,7.37,0
SID_0202,17.63,clothing,5,tablet,UAE,24,15.99,0
SID_0203,228.82,electronics,20,desktop,UK,23,203.64,0
SID_0204,93.25,food,21,desktop,India,14,77.37,0
SID_0205,0.92,clothing,7,desktop,UK,13,1.02,0
SID_0206,10.7,clothing,6,desktop,India,25,7.35,0
SID_0207,108.92,food,20,desktop,UAE,2,98.4,0
SID_0208,0.51,entertainment,9,desktop,India,3,0.32,0
SID_0209,17.53,clothing,5,desktop,India,26,11.27,0
SID_0210,79.57,travel,13,desktop,India,24,75.14,0
SID_0211,117.73,clothing,3,mobile,India,22,110.62,0
SID_0212,105.54,entertainment,12,tablet,UK,10,118.92,0
SID_0213,25.39,entertainment,19,desktop,India,9,23.73,0
SID_0214,124.54,travel,16,desktop,UK,26,146.44,0
SID_0215,27.08,clothing,22,tablet,India,20,17.04,1
SID_0216,39.36,entertainment,6,mobile,USA,8,25.93,0
SID_0217,137.24,food,3,tablet,UAE,10,85.97,0
SID_0218,104.88,electronics,13,tablet,India,19,74.59,0
SID_0219,189.2,electronics,2,desktop,USA,3,174.96,0
SID_0220,107.18,electronics,23,tablet,India,24,105.82,0
SID_0221,84.0,clothing,4,tablet,India,5,52.7,0
SID_0222,9.84,travel,15,desktop,India,3,11.49,0
SID_0223,45.84,entertainment,22,desktop,USA,26,50.67,0
SID_0224,30.82,food,19,desktop,UAE,27,23.98,0
SID_0225,27.97,food,3,desktop,USA,16,18.08,0
SID_0226,361.23,clothing,23,tablet,UAE,17,253.56,0
SID_0227,49.94,electronics,23,tablet,India,15,33.77,0
SID_0228,222.61,clothing,1,mobile,UK,3,150.03,0
SID_0229,99.73,travel,17,mobile,India,12,90.87,1
SID_0230,158.38,travel,18,tablet,UAE,9,118.39,1
SID_0231,69.84,entertainment,18,mobile,USA,21,56.91,0
SID_0232,86.02,entertainment,16,tablet,India,12,102.68,0
SID_0233,67.83,travel,13,mobile,USA,26,68.55,0
SID_0234,21.72,travel,18,desktop,USA,15,25.4,1
SID_0235,128.18,travel,21,mobile,USA,2,87.87,0
SID_0236,32.96,clothing,23,desktop,India,23,27.33,0
SID_0237,2.46,travel,12,desktop,USA,18,2.29,0
SID_0238,103.7,food,11,desktop,USA,20,67.0,0
SID_0239,19.49,electronics,5,desktop,India,12,11.74,0
SID_0240,282.11,travel,20,mobile,USA,23,282.75,0
SID_0241,307.76,electronics,3,tablet,India,4,303.17,0
SID_0242,246.35,clothing,18,desktop,UAE,23,208.53,0
SID_0243,46.23,electronics,15,mobile,UAE,16,41.32,0
SID_0244,1.56,clothing,12,desktop,UAE,23,1.32,0
SID_0245,263.55,food,3,mobile,USA,16,161.93,0
SID_0246,55.89,clothing,22,mobile,UK,1,44.78,0
SID_0247,340.08,clothing,16,mobile,UK,22,240.18,0
SID_0248,331.37,entertainment,22,tablet,USA,25,218.39,0
SID_0249,191.74,travel,0,mobile,UK,2,225.11,0
SID_0250,34.88,travel,17,mobile,India,3,33.47,1
SID_0251,48.63,food,19,tablet,UK,26,50.44,0
SID_0252,190.47,food,16,tablet,USA,21,150.32,0
SID_0253,38.11,travel,14,mobile,USA,25,31.86,0
SID_0254,18.57,entertainment,10,tablet,India,20,13.78,1
SID_0255,81.37,travel,21,desktop,UAE,17,53.56,0
SID_0256,275.13,entertainment,12,desktop,USA,20,194.63,0
SID_0257,119.08,food,0,tablet,India,22,128.43,0
SID_0258,84.41,electronics,16,tablet,UK,21,84.96,0
SID_0259,10.22,food,5,mobile,UK,29,9.49,0
SID_0260,95.45,food,3,tablet,India,1,84.48,0
SID_0261,461.06,clothing,19,mobile,India,20,531.81,0
SID_0262,15.09,clothing,15,desktop,USA,6,9.71,0
SID_0263,73.05,clothing,14,tablet,UK,29,56.13,0
SID_0264,209.86,clothing,14,mobile,India,15,169.98,0
SID_0265,135.0,entertainment,5,mobile,UK,26,144.38,0
SID_0266,119.41,travel,14,desktop,India,26,142.76,0
SID_0267,121.23,electronics,13,tablet,UK,14,90.24,0
SID_0268,44.55,food,10,desktop,UAE,20,50.1,0
SID_0269,34.76,entertainment,6,mobile,USA,15,38.18,0
SID_0270,165.74,electronics,8,mobile,UK,14,121.78,0
SID_0271,166.13,entertainment,15,tablet,UAE,25,139.48,1
SID_0272,201.8,entertainment,4,mobile,UK,21,170.68,0
SID_0273,244.46,food,19,tablet,UK,24,290.16,0
SID_0274,71.61,travel,9,desktop,UAE,25,50.74,0
SID_0275,69.62,clothing,17,tablet,UK,26,75.15,0
SID_0276,160.09,travel,2,tablet,UK,5,128.15,0
SID_0277,104.97,food,12,mobile,USA,6,109.01,0
SID_0278,121.06,food,10,mobile,UAE,17,103.14,0
SID_0279,158.86,food,16,tablet,UAE,11,150.44,0
SID_0280,220.73,electronics,21,mobile,India,16,242.71,0
SID_0281,41.25,travel,12,mobile,UK,12,44.65,0
SID_0282,47.09,travel,5,mobile,USA,15,52.73,0
SID_0283,9.87,entertainment,16,tablet,UK,23,6.28,0
SID_0284,86.34,entertainment,12,mobile,UK,4,87.65,0
SID_0285,3.66,entertainment,18,tablet,India,27,2.5,0
SID_0286,62.66,food,20,mobile,UK,18,53.23,1
SID_0287,78.23,travel,18,desktop,USA,21,72.69,1
SID_0288,33.76,food,9,mobile,USA,28,28.41,0
SID_0289,89.36,electronics,2,mobile,India,3,81.48,0
SID_0290,3.1,entertainment,13,tablet,UK,22,3.71,0
SID_0291,3.81,food,18,tablet,USA,8,2.6,0
SID_0292,172.94,food,4,mobile,UK,23,173.85,0
SID_0293,44.66,electronics,4,desktop,UK,3,37.41,0
SID_0294,13.59,clothing,19,mobile,UK,8,9.24,0
SID_0295,73.87,travel,16,mobile,India,18,51.36,0
SID_0296,146.96,clothing,20,desktop,UK,10,171.88,0
SID_0297,24.31,entertainment,9,tablet,USA,25,27.42,0
SID_0298,97.52,food,4,mobile,UK,20,111.58,0
SID_0299,8.92,electronics,3,tablet,USA,17,10.66,0
SID_0300,5.31,electronics,5,tablet,UK,8,3.85,0
SID_0301,75.79,travel,3,desktop,USA,23,61.64,0
SID_0302,77.79,clothing,6,desktop,USA,11,77.91,0
SID_0303,101.45,travel,6,tablet,UK,29,90.32,0
SID_0304,129.5,food,17,mobile,UK,5,110.21,0
SID_0305,372.36,travel,2,tablet,USA,26,303.36,0
SID_0306,72.63,electronics,0,mobile,UAE,13,69.45,0
SID_0307,39.0,electronics,23,mobile,India,21,36.87,0
SID_0308,158.57,entertainment,3,desktop,UAE,23,110.5,0
SID_0309,31.59,entertainment,5,mobile,UAE,5,27.9,0
SID_0310,57.8,food,8,mobile,UK,24,53.87,0
SID_0311,8.17,clothing,21,tablet,India,27,7.7,0
SID_0312,2.57,travel,13,desktop,UAE,13,1.87,0
SID_0313,328.74,food,11,mobile,UK,6,343.65,1
SID_0314,180.78,entertainment,19,mobile,UAE,29,111.2,0
SID_0315,119.06,travel,23,desktop,UAE,5,96.78,0
SID_0316,52.59,entertainment,3,tablet,UK,9,56.17,0
SID_0317,19.03,travel,20,desktop,UK,27,17.86,0
SID_0318,17.01,clothing,23,desktop,UK,16,12.87,0
SID_0319,28.8,food,11,mobile,India,2,29.29,0
SID_0320,79.68,travel,9,mobile,UAE,1,74.93,0
SID_0321,125.38,electronics,21,tablet,UK,8,135.13,0
SID_0322,107.94,electronics,6,mobile,USA,28,112.37,0
SID_0323,32.84,travel,2,mobile,UAE,19,31.73,0
SID_0324,309.81,travel,22,desktop,USA,11,276.63,0
SID_0325,133.9,travel,13,mobile,India,28,91.04,0
SID_0326,80.82,electronics,23,tablet,UK,12,61.16,0
SID_0327,94.6,electronics,9,desktop,USA,12,80.55,0
SID_0328,54.4,travel,15,tablet,India,7,52.2,0
SID_0329,28.47,entertainment,15,desktop,UK,26,25.86,0
SID_0330,44.0,entertainment,21,mobile,USA,13,34.01,0
SID_0331,141.82,clothing,9,desktop,USA,27,85.64,0
SID_0332,1.45,food,12,desktop,India,8,1.3,0
SID_0333,12.34,entertainment,5,mobile,UK,29,9.52,0
SID_0334,4.71,electronics,11,mobile,UK,29,4.9,0
SID_0335,4.16,entertainment,8,tablet,USA,22,2.56,0
SID_0336,193.42,clothing,12,tablet,USA,28,183.92,0
SID_0337,121.62,clothing,3,mobile,USA,26,141.67,0
SID_0338,64.28,food,23,mobile,UK,9,45.29,0
SID_0339,10.3,entertainment,10,mobile,India,7,9.09,0
SID_0340,67.65,electronics,19,desktop,India,26,44.3,0
SID_0341,64.15,electronics,17,desktop,UK,21,62.57,0
SID_0342,19.02,travel,10,desktop,UAE,24,17.69,0
SID_0343,56.89,electronics,20,mobile,India,15,48.04,0
SID_0344,50.83,food,3,tablet,USA,2,46.4,0
SID_0345,95.67,food,17,mobile,UAE,23,108.87,0
SID_0346,100.81,electronics,0,desktop,UAE,20,72.36,0
SID_0347,4.64,electronics,6,desktop,India,25,2.85,0
SID_0348,46.94,travel,5,mobile,UAE,12,52.43,0
SID_0349,98.31,electronics,14,mobile,UAE,1,93.03,0
SID_0350,69.94,travel,17,desktop,India,23,79.34,0
SID_0351,194.13,travel,23,desktop,India,22,186.01,0
SID_0352,107.5,electronics,10,desktop,UAE,8,116.76,0
SID_0353,17.79,clothing,19,mobile,USA,5,15.26,0
SID_0354,7.32,clothing,23,desktop,UK,15,7.69,0
SID_0355,102.84,travel,14,desktop,UAE,1,118.04,0
SID_0356,2.69,electronics,15,tablet,UAE,1,2.54,0
SID_0357,88.13,clothing,6,mobile,USA,25,62.44,0
SID_0358,281.73,electronics,20,tablet,UAE,10,214.48,0
SID_0359,85.68,electronics,9,tablet,UAE,22,61.62,0
SID_0360,49.13,electronics,11,desktop,UK,10,36.75,0
SID_0361,103.08,entertainment,23,mobile,UK,21,80.8,0
SID_0362,61.3,electronics,13,desktop,UK,15,57.2,0
SID_0363,78.88,entertainment,4,mobile,India,17,75.16,0
SID_0364,283.81,travel,20,tablet,India,22,242.91,0
SID_0365,48.79,clothing,17,mobile,UK,6,47.29,0
SID_0366,324.91,clothing,4,desktop,UK,3,210.85,0
SID_0367,235.76,clothing,2,desktop,India,13,153.87,0
SID_0368,21.79,clothing,22,desktop,USA,16,15.32,0
SID_0369,7.19,clothing,4,mobile,UAE,8,6.55,0
SID_0370,10.62,clothing,23,tablet,UAE,15,7.74,0
SID_0371,1.84,clothing,16,tablet,UK,17,1.42,0
SID_0372,9.92,travel,18,mobile,USA,17,8.33,0
SID_0373,114.89,electronics,18,desktop,India,22,124.9,0
SID_0374,7.38,food,20,tablet,UK,26,4.49,0
SID_0375,38.42,entertainment,11,desktop,USA,13,38.02,0
SID_0376,186.35,food,8,mobile,USA,17,186.6,0
SID_0377,2.35,food,0,desktop,USA,6,2.54,0
SID_0378,168.45,electronics,17,tablet,India,17,195.34,0
SID_0379,33.11,electronics,20,tablet,India,16,20.27,0
SID_0380,12.58,electronics,3,desktop,UAE,14,8.71,0
SID_0381,119.32,clothing,9,mobile,UAE,13,135.03,0
SID_0382,99.14,travel,6,desktop,USA,6,86.76,0
SID_0383,209.94,clothing,21,mobile,USA,3,197.08,0
SID_0384,132.83,travel,22,desktop,India,14,132.54,0
SID_0385,162.7,travel,0,tablet,UAE,14,163.91,0
SID_0386,33.13,food,16,mobile,USA,15,38.4,0
SID_0387,19.53,food,23,mobile,UAE,8,23.4,0
SID_0388,138.88,travel,1,mobile,UAE,29,143.34,0
SID_0389,164.42,travel,10,tablet,USA,15,126.99,1
SID_0390,465.7,clothing,8,desktop,India,22,525.24,0
SID_0391,53.21,clothing,6,tablet,USA,29,33.5,0
SID_0392,46.52,food,21,mobile,USA,27,34.36,0
SID_0393,149.8,electronics,16,desktop,UAE,13,170.54,0
SID_0394,41.67,travel,16,tablet,USA,17,31.41,0
SID_0395,267.01,clothing,1,mobile,India,21,195.56,0
SID_0396,195.48,food,5,mobile,USA,24,133.49,0
SID_0397,56.04,clothing,13,tablet,India,3,62.51,1
SID_0398,138.98,travel,5,tablet,India,28,125.09,1
SID_0399,140.46,travel,1,tablet,UAE,6,141.15,0
SID_0400,10.88,entertainment,0,mobile,UK,5,8.09,0
SID_0401,232.84,electronics,9,tablet,UK,22,245.61,0
SID_0402,70.37,entertainment,20,mobile,UAE,26,74.31,0
SID_0403,175.13,food,4,tablet,USA,17,137.93,0
SID_0404,38.57,clothing,1,mobile,UAE,23,32.65,0
SID_0405,225.88,food,21,mobile,India,25,163.95,1
SID_0406,49.3,travel,15,desktop,UK,2,58.47,0
SID_0407,1.09,entertainment,1,tablet,UAE,26,1.08,0
SID_0408,235.79,entertainment,9,tablet,USA,15,273.69,0
SID_0409,9.57,entertainment,1,mobile,UAE,5,7.48,0
SID_0410,38.47,food,15,mobile,UK,26,41.13,0
SID_0411,299.7,travel,15,mobile,UAE,20,317.54,0
SID_0412,300.79,clothing,18,desktop,UAE,6,305.3,0
SID_0413,85.2,clothing,6,desktop,UK,6,100.48,0
SID_0414,99.92,food,21,mobile,India,27,83.55,0
SID_0415,59.5,entertainment,11,tablet,India,18,40.37,0
SID_0416,34.7,electronics,23,tablet,UK,18,34.8,0
SID_0417,39.85,food,14,desktop,UAE,4,41.35,0
SID_0418,111.63,food,7,desktop,UK,17,105.49,0
SID_0419,139.58,travel,5,mobile,India,25,101.07,0
SID_0420,156.82,clothing,9,tablet,USA,14,141.56,0
SID_0421,155.88,food,2,mobile,UAE,14,122.73,1
SID_0422,9.56,food,18,desktop,India,13,8.19,0
SID_0423,68.2,entertainment,16,tablet,UAE,7,67.32,0
SID_0424,5.93,entertainment,6,tablet,UK,12,6.21,0
SID_0425,79.75,electronics,20,desktop,USA,23,58.96,0
SID_0426,58.26,travel,19,mobile,UK,15,49.12,0
SID_0427,218.66,electronics,3,mobile,USA,19,166.51,0
SID_0428,43.22,entertainment,13,tablet,UAE,11,31.08,0
SID_0429,12.45,clothing,19,desktop,UAE,15,13.32,0
SID_0430,15.43,entertainment,21,tablet,UK,12,17.68,0
SID_0431,143.34,travel,14,desktop,USA,3,117.85,0
SID_0432,96.29,entertainment,23,mobile,USA,17,101.18,0
SID_0433,10.66,travel,7,desktop,UAE,3,12.13,0
SID_0434,8.79,travel,20,mobile,UK,19,9.74,0
SID_0435,120.72,travel,14,desktop,USA,20,85.67,0
SID_0436,7.55,travel,21,tablet,UAE,4,8.86,0
SID_0437,172.52,travel,19,mobile,India,3,142.5,0
SID_0438,122.5,clothing,13,tablet,UK,26,98.43,0
SID_0439,8.48,electronics,8,tablet,India,16,5.41,0
SID_0440,8.87,food,7,mobile,UK,12,7.91,0
SID_0441,431.55,electronics,16,mobile,UAE,8,287.16,0
SID_0442,46.88,travel,1,tablet,USA,24,35.12,0
SID_0443,46.31,clothing,23,tablet,USA,29,36.59,0
SID_0444,167.56,entertainment,2,tablet,USA,29,181.85,0
SID_0445,294.22,clothing,7,tablet,UK,17,331.08,0
SID_0446,426.88,travel,11,mobile,UAE,7,333.6,0
SID_0447,139.99,clothing,0,mobile,India,11,156.12,0
SID_0448,47.2,clothing,9,tablet,UAE,18,52.6,0
SID_0449,8.72,travel,19,desktop,India,1,9.23,0
SID_0450,150.12,clothing,2,desktop,UK,3,103.29,0
SID_0451,81.74,food,5,mobile,UK,4,82.9,0
SID_0452,55.2,food,6,tablet,India,13,64.42,0
SID_0453,236.82,clothing,19,tablet,India,6,239.08,0
SID_0454,11.79,entertainment,22,mobile,India,26,9.42,0
SID_0455,67.85,travel,17,desktop,UAE,14,61.09,0
SID_0456,1.14,food,10,desktop,India,5,1.13,0
SID_0457,63.24,entertainment,18,desktop,UK,16,57.32,0
SID_0458,5.8,clothing,4,mobile,UK,15,3.9,0
SID_0459,12.65,entertainment,18,desktop,USA,15,9.96,0
SID_0460,12.5,electronics,10,mobile,India,4,13.52,0
SID_0461,104.76,food,23,mobile,UAE,8,117.0,0
SID_0462,137.06,clothing,11,tablet,UAE,27,93.53,0
SID_0463,87.56,travel,9,desktop,UAE,16,102.57,0
SID_0464,327.47,clothing,7,mobile,USA,28,261.09,0
SID_0465,46.98,travel,23,desktop,UK,16,46.86,0
SID_0466,33.65,clothing,8,desktop,UAE,4,35.37,0
SID_0467,202.95,entertainment,3,tablet,UK,13,220.64,0
SID_0468,25.31,entertainment,4,desktop,USA,26,29.55,0
SID_0469,330.29,entertainment,20,tablet,India,28,260.19,0
SID_0470,1.22,electronics,7,mobile,India,13,1.36,0
SID_0471,350.25,travel,22,desktop,India,2,237.82,0
SID_0472,4.41,entertainment,8,mobile,UAE,3,4.51,0
SID_0473,221.77,electronics,14,desktop,India,22,231.79,0
SID_0474,75.01,travel,14,mobile,UAE,8,75.51,0
SID_0475,495.68,clothing,15,desktop,USA,24,372.45,0
SID_0476,7.67,electronics,13,desktop,USA,15,8.62,0
SID_0477,80.71,food,7,desktop,UAE,11,56.6,0
SID_0478,348.36,electronics,17,desktop,UK,9,220.23,0
SID_0479,74.04,electronics,9,desktop,India,7,76.3,0
SID_0480,99.26,travel,19,desktop,India,13,87.87,0
SID_0481,118.99,clothing,5,desktop,India,2,132.01,0
SID_0482,60.61,food,11,desktop,UAE,8,50.31,0
SID_0483,98.77,entertainment,1,desktop,USA,7,69.23,0
SID_0484,87.78,entertainment,6,mobile,India,24,96.72,0
SID_0485,231.42,electronics,15,tablet,USA,12,215.07,0
SID_0486,4.65,travel,2,desktop,India,19,3.32,1
SID_0487,32.98,travel,12,tablet,India,7,34.04,0
SID_0488,300.4,entertainment,2,desktop,UAE,10,272.36,0
SID_0489,220.97,food,17,desktop,UK,29,212.7,0
SID_0490,60.82,clothing,10,mobile,UAE,25,53.31,0
SID_0491,96.79,food,7,mobile,India,16,106.2,0
SID_0492,32.49,clothing,5,tablet,India,3,35.67,0
SID_0493,20.84,entertainment,0,mobile,UK,10,21.37,0
SID_0494,62.31,clothing,0,mobile,USA,6,41.33,0
SID_0495,43.6,travel,22,tablet,USA,18,48.1,0
SID_0496,87.62,electronics,7,mobile,India,18,87.85,0
SID_0497,8.09,electronics,4,desktop,USA,5,8.24,0
SID_0498,366.5,entertainment,15,tablet,India,21,299.72,0
SID_0499,428.39,travel,10,tablet,UK,29,483.04,0
SID_0500,119.79,food,4,desktop,UK,7,124.01,0
SID_0501,76.81,travel,3,mobile,India,28,51.27,0
SID_0502,37.04,electronics,5,tablet,UK,2,31.29,1
SID_0503,168.09,electronics,13,tablet,UAE,11,190.25,0
SID_0504,115.43,travel,21,desktop,UAE,13,72.53,0
SID_0505,17.75,travel,18,desktop,UK,23,20.89,0
SID_0506,241.83,electronics,8,mobile,India,5,243.64,0
SID_0507,172.9,food,11,tablet,India,6,169.24,0
SID_0508,299.17,entertainment,10,mobile,UK,24,228.07,0
SID_0509,129.36,entertainment,13,mobile,USA,26,96.93,0
SID_0510,95.04,travel,22,desktop,UAE,29,110.74,0
SID_0511,54.17,entertainment,15,tablet,USA,14,42.2,0
SID_0512,269.9,electronics,0,tablet,India,12,287.53,0
SID_0513,201.04,electronics,12,tablet,India,4,168.04,0
SID_0514,4.63,travel,22,desktop,USA,29,3.16,0
SID_0515,2.67,travel,20,desktop,UK,23,1.62,0
SID_0516,47.23,travel,20,desktop,USA,6,43.76,0
SID_0517,166.36,food,12,desktop,USA,10,197.21,0
SID_0518,436.43,entertainment,1,desktop,UAE,18,358.52,0
SID_0519,16.3,travel,3,tablet,UAE,15,13.27,0
SID_0520,90.17,clothing,5,mobile,USA,8,72.72,0
SID_0521,47.95,clothing,22,tablet,USA,26,43.75,0
SID_0522,350.37,electronics,4,mobile,India,9,302.86,0
SID_0523,184.59,entertainment,2,desktop,UAE,5,208.21,0
SID_0524,182.22,travel,0,mobile,UAE,10,164.6,0
SID_0525,63.24,clothing,3,tablet,India,20,57.21,0
SID_0526,53.58,entertainment,19,tablet,UK,6,36.6,1
SID_0527,31.94,electronics,1,mobile,UAE,16,38.0,0
SID_0528,5.8,food,4,desktop,UAE,24,4.35,0
SID_0529,200.04,entertainment,2,desktop,UK,27,128.83,0
SID_0530,167.61,entertainment,8,tablet,UAE,3,167.26,0
SID_0531,817.24,food,19,mobile,UAE,10,782.28,0
SID_0532,569.49,entertainment,5,desktop,UK,11,483.55,0
SID_0533,81.07,electronics,17,desktop,UK,11,69.18,0
SID_0534,146.53,electronics,5,tablet,USA,17,156.94,0
SID_0535,289.62,food,18,desktop,India,4,207.78,0
SID_0536,189.48,travel,11,mobile,India,4,206.94,0
SID_0537,28.42,clothing,10,tablet,UK,17,28.11,0
SID_0538,59.88,travel,1,tablet,UK,9,50.98,0
SID_0539,13.83,entertainment,14,mobile,UAE,19,12.1,1
SID_0540,308.02,clothing,11,tablet,USA,5,232.24,0
SID_0541,93.18,food,11,desktop,USA,22,97.96,0
SID_0542,25.96,food,8,desktop,UK,24,23.56,0
SID_0543,111.38,clothing,20,mobile,UAE,6,88.27,0
SID_0544,96.27,electronics,23,desktop,UAE,3,92.19,0
SID_0545,44.34,clothing,1,mobile,India,22,53.09,0
SID_0546,12.05,entertainment,21,mobile,India,1,10.38,0
SID_0547,111.34,electronics,2,desktop,UAE,20,128.31,0
SID_0548,73.46,food,11,mobile,India,22,59.28,0
SID_0549,147.98,clothing,15,desktop,UK,16,93.65,0
SID_0550,73.43,travel,20,tablet,UAE,23,53.06,0
SID_0551,191.18,travel,23,tablet,India,11,162.74,0
SID_0552,80.28,entertainment,0,mobile,USA,13,58.75,0
SID_0553,82.31,travel,20,desktop,UAE,27,49.4,0
SID_0554,209.28,clothing,2,desktop,UAE,10,240.46,0
SID_0555,51.66,clothing,19,tablet,USA,3,57.15,0
SID_0556,14.39,travel,1,tablet,UK,9,15.04,0
SID_0557,2.92,clothing,8,desktop,USA,28,2.05,0
SID_0558,140.71,entertainment,18,mobile,UAE,12,94.59,0
SID_0559,96.84,electronics,14,tablet,UK,23,62.03,0
SID_0560,121.77,entertainment,17,mobile,India,14,125.96,0
SID_0561,23.95,entertainment,10,mobile,India,1,27.72,0
SID_0562,14.66,clothing,22,tablet,India,18,12.58,0
SID_0563,1.47,electronics,15,mobile,UAE,17,0.99,0
SID_0564,43.17,clothing,21,mobile,USA,27,39.17,0
SID_0565,89.14,food,16,desktop,UK,9,72.14,0
SID_0566,49.8,clothing,4,mobile,India,9,41.08,0
SID_0567,57.53,clothing,11,desktop,UK,23,55.97,0
SID_0568,234.51,clothing,10,tablet,UAE,10,241.83,0
SID_0569,42.81,electronics,14,tablet,India,19,28.53,0
SID_0570,72.15,clothing,2,desktop,UAE,29,44.83,0
SID_0571,153.09,electronics,0,tablet,USA,15,183.19,1
SID_0572,50.51,travel,19,mobile,UAE,5,37.36,0
SID_0573,97.31,food,15,mobile,UAE,15,61.53,0
SID_0574,198.31,electronics,1,mobile,USA,20,141.58,0
SID_0575,298.62,travel,1,tablet,UK,23,186.15,1
SID_0576,15.91,electronics,2,mobile,USA,25,13.29,1
SID_0577,261.17,electronics,7,tablet,USA,28,282.44,0
SID_0578,67.75,food,23,mobile,UAE,2,54.52,0
SID_0579,29.87,entertainment,14,desktop,UK,13,25.88,0
SID_0580,61.46,entertainment,6,tablet,India,24,61.79,0
SID_0581,391.37,electronics,5,tablet,USA,16,354.32,0
SID_0582,67.85,clothing,8,mobile,UK,15,75.78,0
SID_0583,39.86,travel,19,tablet,USA,25,44.63,0
SID_0584,100.35,clothing,0,tablet,USA,10,60.81,0
SID_0585,27.46,clothing,7,desktop,USA,14,29.3,0
SID_0586,7.89,electronics,22,desktop,USA,10,6.92,0
SID_0587,13.8,electronics,22,mobile,UAE,25,16.47,0
SID_0588,13.7,electronics,2,desktop,UK,14,12.19,0
SID_0589,16.48,electronics,3,mobile,UK,26,19.65,0
SID_0590,14.95,entertainment,14,mobile,UK,23,15.74,0
SID_0591,102.41,electronics,5,mobile,USA,9,76.72,0
SID_0592,20.07,entertainment,14,tablet,UAE,25,18.53,0
SID_0593,42.41,entertainment,20,desktop,USA,14,50.69,0
SID_0594,227.1,electronics,2,mobile,USA,3,253.11,0
SID_0595,64.24,food,20,desktop,UK,20,42.3,0
SID_0596,110.13,travel,20,mobile,USA,16,112.75,0
SID_0597,18.91,clothing,13,desktop,India,2,15.27,0
SID_0598,21.36,entertainment,19,desktop,USA,10,12.91,0
SID_0599,4.17,travel,13,mobile,India,3,3.51,0
SID_0600,18.5,food,3,tablet,USA,11,13.71,0
SID_0601,32.65,clothing,11,desktop,UAE,11,35.63,0
SID_0602,19.48,clothing,16,tablet,UAE,21,15.63,0
SID_0603,9.29,entertainment,6,tablet,UK,21,10.19,0
SID_0604,12.86,electronics,8,mobile,USA,22,7.72,0
SID_0605,61.76,food,2,mobile,India,13,48.46,0
SID_0606,23.11,entertainment,12,mobile,India,7,17.21,0
SID_0607,45.3,food,14,desktop,USA,23,33.53,0
SID_0608,70.0,electronics,17,mobile,India,17,44.86,0
SID_0609,117.25,electronics,18,mobile,UAE,2,83.51,0
SID_0610,4.01,entertainment,0,desktop,India,12,3.74,0
SID_0611,160.65,electronics,5,desktop,UK,25,124.47,0
SID_0612,98.86,travel,22,mobile,UAE,10,84.07,0
SID_0613,8.53,clothing,1,mobile,UAE,18,7.05,0
SID_0614,206.81,entertainment,23,mobile,UAE,22,232.77,0
SID_0615,253.67,food,13,mobile,USA,27,289.99,0
SID_0616,6.3,travel,5,tablet,USA,11,5.64,1
SID_0617,32.42,entertainment,13,tablet,UAE,16,25.87,0
SID_0618,164.09,electronics,3,mobile,USA,17,108.97,0
SID_0619,137.94,electronics,20,tablet,India,19,161.67,0
SID_0620,20.4,electronics,7,desktop,USA,18,12.98,1
SID_0621,23.49,electronics,2,tablet,USA,3,18.29,0
SID_0622,46.28,food,18,tablet,UAE,21,36.04,0
SID_0623,66.27,travel,13,mobile,UK,27,52.5,0
SID_0624,96.3,clothing,19,tablet,UK,26,67.27,0
SID_0625,46.03,food,16,tablet,UK,16,49.25,1
SID_0626,62.09,food,7,tablet,India,6,41.82,1
SID_0627,137.62,clothing,23,tablet,USA,25,135.0,0
SID_0628,3.74,clothing,13,desktop,UK,12,2.52,0
SID_0629,29.09,electronics,5,mobile,UAE,11,18.69,0
SID_0630,124.95,food,22,mobile,UK,15,143.15,0
SID_0631,225.58,entertainment,21,desktop,UK,15,161.08,0
SID_0632,71.68,clothing,15,tablet,USA,16,78.33,0
SID_0633,75.95,clothing,18,desktop,USA,10,70.39,0
SID_0634,11.34,travel,13,tablet,USA,12,7.33,0
SID_0635,59.31,entertainment,18,desktop,India,28,69.59,1
SID_0636,76.06,entertainment,2,mobile,India,13,56.91,0
SID_0637,27.77,clothing,9,mobile,UK,4,30.99,0
SID_0638,31.37,electronics,18,mobile,USA,7,22.0,0
SID_0639,47.37,travel,8,tablet,UK,22,52.69,1
SID_0640,2.03,entertainment,19,tablet,UAE,2,1.23,0
SID_0641,38.87,clothing,12,desktop,UAE,26,35.26,0
SID_0642,23.76,entertainment,6,desktop,USA,27,25.23,0
SID_0643,39.67,travel,13,mobile,USA,27,46.05,0
SID_0644,12.76,travel,8,tablet,UAE,27,14.62,0
SID_0645,221.21,food,22,desktop,USA,15,241.51,0
SID_0646,90.04,clothing,18,tablet,India,8,102.01,0
SID_0647,113.66,travel,14,tablet,India,7,81.78,0
SID_0648,155.67,food,19,mobile,USA,15,119.95,0
SID_0649,69.0,food,13,mobile,UAE,23,53.36,0
SID_0650,9.09,entertainment,23,tablet,UK,14,7.51,0
SID_0651,77.03,entertainment,5,tablet,USA,8,64.4,0
SID_0652,88.39,food,20,tablet,USA,28,81.91,0
SID_0653,136.82,entertainment,3,tablet,UK,12,95.22,0
SID_0654,56.5,travel,7,mobile,USA,13,57.33,0
SID_0655,13.65,electronics,16,desktop,UK,11,9.56,0
SID_0656,33.38,travel,8,mobile,UAE,17,26.24,0
SID_0657,45.11,food,0,desktop,India,29,40.69,0
SID_0658,103.82,food,23,tablet,UAE,17,111.9,1
SID_0659,84.58,travel,19,desktop,India,24,88.27,0
SID_0660,44.02,entertainment,13,mobile,UK,4,43.46,0
SID_0661,430.62,entertainment,10,mobile,India,21,298.62,0
SID_0662,93.08,food,20,tablet,UAE,8,86.4,0
SID_0663,27.08,clothing,2,mobile,India,5,17.67,0
SID_0664,10.73,entertainment,8,tablet,UK,26,8.87,0
SID_0665,16.59,travel,13,mobile,India,16,14.07,0
SID_0666,28.23,entertainment,8,mobile,USA,4,17.61,0
SID_0667,17.52,travel,3,tablet,UAE,28,13.39,0
SID_0668,20.65,food,3,desktop,USA,22,24.23,0
SID_0669,33.56,entertainment,7,mobile,UK,29,39.34,0
SID_0670,19.04,travel,1,desktop,India,15,15.45,0
SID_0671,227.08,food,8,mobile,USA,12,142.12,0
SID_0672,8.36,clothing,13,mobile,USA,5,5.91,0
SID_0673,74.34,travel,21,mobile,India,23,62.1,0
SID_0674,52.83,clothing,8,mobile,India,16,61.74,0
SID_0675,403.86,clothing,23,desktop,UAE,14,276.53,0
SID_0676,11.88,electronics,22,desktop,USA,10,12.57,0
SID_0677,50.73,entertainment,15,mobile,USA,7,33.75,0
SID_0678,348.91,travel,16,mobile,UK,13,414.77,0
SID_0679,200.62,clothing,15,desktop,UAE,20,166.31,1
SID_0680,169.87,electronics,11,tablet,UK,28,180.94,0
SID_0681,29.83,food,2,tablet,USA,29,24.03,0
SID_0682,18.74,travel,10,desktop,UK,5,18.3,0
SID_0683,110.46,clothing,13,mobile,USA,29,79.0,0
SID_0684,265.04,entertainment,17,mobile,USA,3,182.24,0
SID_0685,81.37,electronics,20,tablet,UK,15,94.62,0
SID_0686,84.77,clothing,20,tablet,UK,4,97.54,0
SID_0687,32.85,entertainment,4,desktop,India,15,37.2,0
SID_0688,146.75,clothing,15,tablet,India,14,143.12,0
SID_0689,20.71,travel,19,desktop,India,20,22.47,0
SID_0690,39.11,travel,4,tablet,USA,19,25.09,0
SID_0691,55.41,travel,2,tablet,UK,13,44.38,0
SID_0692,70.85,electronics,11,tablet,UAE,10,55.85,0
SID_0693,27.76,travel,0,mobile,USA,21,27.24,0
SID_0694,12.2,entertainment,20,mobile,UAE,5,9.93,0
SID_0695,94.32,clothing,8,mobile,UK,27,65.0,0
SID_0696,34.06,food,8,tablet,USA,23,32.63,0
SID_0697,87.05,entertainment,3,desktop,UAE,20,94.77,0
SID_0698,16.77,entertainment,2,desktop,UAE,29,13.91,0
SID_0699,65.61,travel,16,desktop,India,20,44.57,0
SID_0700,76.05,electronics,1,desktop,India,25,54.6,0
SID_0701,5.32,clothing,23,mobile,India,6,3.95,0
SID_0702,41.04,electronics,0,mobile,USA,4,32.01,0
SID_0703,14.43,clothing,7,tablet,UK,2,14.22,0
SID_0704,6.55,clothing,12,tablet,UK,22,6.29,0
SID_0705,460.12,electronics,22,desktop,India,16,468.24,0
SID_0706,38.91,entertainment,14,mobile,India,18,31.81,0
SID_0707,166.01,clothing,7,desktop,India,5,181.68,0
SID_0708,29.39,electronics,11,tablet,UAE,22,21.23,0
SID_0709,114.41,clothing,21,tablet,India,4,100.84,0
SID_0710,142.81,food,11,desktop,UAE,13,154.32,0
SID_0711,90.54,entertainment,13,tablet,UK,19,64.11,1
SID_0712,63.79,travel,14,desktop,USA,23,42.48,0
SID_0713,53.08,clothing,14,mobile,USA,2,59.99,0
SID_0714,42.9,food,8,desktop,USA,13,34.57,0
SID_0715,265.26,travel,18,mobile,USA,11,268.0,0
SID_0716,177.56,travel,19,mobile,UAE,22,109.24,0
SID_0717,335.32,clothing,21,tablet,UAE,29,340.02,0
SID_0718,13.27,electronics,7,tablet,India,4,10.48,0
SID_0719,131.26,clothing,20,tablet,UAE,22,83.15,0
SID_0720,278.61,food,18,desktop,India,20,269.11,0
SID_0721,20.0,travel,5,desktop,India,20,14.89,0
SID_0722,6.88,clothing,19,tablet,USA,15,5.72,0
SID_0723,135.14,electronics,18,desktop,UAE,4,87.62,0
SID_0724,85.44,clothing,3,tablet,UAE,9,58.81,0
SID_0725,184.41,entertainment,22,desktop,India,7,143.62,0
SID_0726,15.06,electronics,6,mobile,India,19,9.85,1
SID_0727,158.61,food,3,mobile,UK,19,181.85,0
SID_0728,22.52,travel,21,tablet,UK,6,13.59,0
SID_0729,17.87,clothing,11,desktop,India,6,15.91,0
SID_0730,17.94,electronics,12,desktop,UK,20,12.09,0
SID_0731,168.51,entertainment,2,mobile,UK,15,132.21,0
SID_0732,109.42,electronics,21,mobile,India,15,126.45,0
SID_0733,74.04,entertainment,11,tablet,India,25,51.61,0
SID_0734,44.45,food,1,mobile,UAE,20,52.43,0
SID_0735,209.72,travel,23,tablet,India,9,151.73,0
SID_0736,49.83,food,1,mobile,India,4,52.07,0
SID_0737,169.61,clothing,22,mobile,USA,18,157.4,0
SID_0738,57.83,electronics,8,desktop,UAE,18,65.39,0
SID_0739,47.31,entertainment,0,mobile,UAE,5,44.11,0
SID_0740,62.12,entertainment,7,mobile,UAE,20,57.2,0
SID_0741,35.86,electronics,22,tablet,USA,23,25.72,0
SID_0742,137.68,electronics,5,mobile,India,11,96.34,0
SID_0743,69.86,clothing,5,tablet,UAE,5,80.33,0
SID_0744,26.42,food,21,mobile,UAE,22,21.05,1
SID_0745,229.83,entertainment,17,mobile,UK,26,189.21,0
SID_0746,48.43,clothing,16,tablet,UAE,4,51.14,0
SID_0747,78.43,food,11,desktop,India,29,63.0,0
SID_0748,236.95,clothing,5,tablet,India,12,277.52,0
SID_0749,97.88,entertainment,7,tablet,UK,2,102.07,1
SID_0750,12.43,electronics,18,tablet,UAE,13,11.91,0
SID_0751,281.06,electronics,9,desktop,UAE,10,317.19,0
SID_0752,98.81,food,0,mobile,UAE,9,62.23,0
SID_0753,40.78,travel,12,tablet,USA,10,30.76,0
SID_0754,15.0,food,16,tablet,UAE,7,13.19,0
SID_0755,158.0,travel,2,desktop,India,4,116.32,0
SID_0756,96.78,clothing,7,tablet,India,19,101.27,0
SID_0757,76.24,clothing,13,mobile,USA,10,87.79,0
SID_0758,224.33,entertainment,2,desktop,USA,3,191.64,0
SID_0759,155.4,travel,15,mobile,UAE,25,125.14,0
SID_0760,16.45,entertainment,12,mobile,UK,21,19.36,0
SID_0761,37.36,electronics,19,desktop,USA,29,32.39,1
SID_0762,28.57,travel,23,tablet,USA,19,25.53,0
SID_0763,136.24,food,16,mobile,UAE,21,110.49,0
SID_0764,3.41,electronics,12,mobile,UAE,2,3.91,0
SID_0765,84.37,electronics,5,mobile,USA,27,79.42,0
SID_0766,143.74,food,16,mobile,UK,20,151.98,0
SID_0767,209.37,electronics,13,desktop,USA,10,227.6,0
SID_0768,41.87,travel,16,desktop,UAE,2,33.71,0
SID_0769,172.18,entertainment,7,mobile,UAE,2,148.11,0
SID_0770,11.72,electronics,10,tablet,USA,28,13.0,0
SID_0771,187.37,travel,19,mobile,UK,24,153.26,0
SID_0772,13.64,clothing,0,tablet,USA,17,14.68,1
SID_0773,50.63,travel,6,mobile,USA,16,58.96,0
SID_0774,159.6,entertainment,20,tablet,UAE,16,155.44,0
SID_0775,16.24,travel,20,mobile,UK,14,16.97,0
SID_0776,26.04,food,16,tablet,India,7,28.2,0
SID_0777,128.1,entertainment,9,mobile,UK,21,141.81,0
SID_0778,127.31,clothing,10,mobile,USA,11,106.56,0
SID_0779,102.48,food,21,tablet,USA,24,64.64,0
SID_0780,118.4,travel,8,desktop,USA,1,99.59,0
SID_0781,78.25,entertainment,8,tablet,UK,11,78.58,0
SID_0782,29.01,clothing,23,desktop,UAE,23,25.24,0
SID_0783,42.42,food,4,mobile,USA,21,44.51,0
SID_0784,20.04,clothing,16,tablet,USA,4,16.32,0
SID_0785,239.09,travel,8,tablet,UK,7,234.51,0
SID_0786,87.56,clothing,16,tablet,India,26,62.33,0
SID_0787,51.22,electronics,23,desktop,India,15,53.76,0
SID_0788,61.99,food,20,desktop,UAE,18,57.49,0
SID_0789,294.28,clothing,18,mobile,UAE,12,212.6,0
SID_0790,16.65,travel,6,desktop,USA,17,12.91,0
SID_0791,88.24,travel,22,desktop,UK,1,92.58,0
SID_0792,70.5,clothing,8,mobile,USA,11,62.71,0
SID_0793,94.53,travel,6,tablet,UAE,28,68.97,0
SID_0794,1.83,entertainment,12,tablet,UK,1,2.16,0
SID_0795,205.67,entertainment,10,mobile,UK,15,211.65,0
SID_0796,269.0,entertainment,13,tablet,UAE,28,315.88,0
SID_0797,83.27,electronics,18,desktop,India,21,71.3,0
SID_0798,119.29,clothing,10,mobile,India,10,105.58,0
SID_0799,255.75,electronics,12,mobile,UK,7,291.24,0
SID_0800,122.84,travel,13,mobile,USA,2,112.4,0
SID_0801,16.55,electronics,12,tablet,India,10,16.95,0
SID_0802,85.87,travel,0,mobile,USA,24,64.51,0
SID_0803,93.32,travel,7,mobile,India,4,81.01,1
SID_0804,55.19,food,11,mobile,India,12,37.2,0
SID_0805,133.35,entertainment,18,tablet,USA,19,96.49,0
SID_0806,272.37,travel,11,desktop,UAE,26,163.58,0
SID_0807,259.79,food,7,mobile,India,11,161.99,0
SID_0808,59.94,entertainment,7,desktop,India,8,71.11,0
SID_0809,12.02,travel,20,tablet,USA,18,8.96,0
SID_0810,418.92,travel,12,tablet,UAE,11,418.08,1
SID_0811,182.57,electronics,11,tablet,India,11,201.46,0
SID_0812,13.31,electronics,15,tablet,India,13,12.38,0
SID_0813,253.63,entertainment,0,desktop,UAE,3,175.48,0
SID_0814,203.94,travel,12,mobile,India,12,211.46,0
SID_0815,73.16,clothing,6,tablet,UAE,3,70.24,0
SID_0816,89.47,electronics,4,tablet,UAE,10,92.94,0
SID_0817,50.92,entertainment,7,desktop,USA,27,54.07,0
SID_0818,5.63,travel,13,desktop,UK,17,6.67,0
SID_0819,40.83,travel,22,tablet,UAE,22,38.55,0
SID_0820,162.38,clothing,12,mobile,USA,2,130.71,0
SID_0821,0.46,entertainment,14,mobile,UK,17,0.45,0
SID_0822,40.57,travel,22,tablet,India,16,26.01,0
SID_0823,50.78,electronics,16,desktop,UK,2,57.81,0
SID_0824,77.09,clothing,14,tablet,UAE,28,51.78,0
SID_0825,252.39,entertainment,19,tablet,UAE,22,201.08,0
SID_0826,42.52,clothing,17,desktop,UAE,20,46.32,0
SID_0827,42.61,electronics,17,tablet,UAE,6,40.84,0
SID_0828,133.75,entertainment,1,tablet,UAE,28,111.84,0
SID_0829,60.19,clothing,3,tablet,USA,25,53.21,0
SID_0830,25.44,food,0,desktop,UAE,29,28.31,0
SID_0831,60.23,electronics,3,mobile,USA,10,48.43,0
SID_0832,15.18,electronics,17,mobile,India,28,17.03,0
SID_0833,19.41,electronics,4,desktop,UAE,10,12.67,1
SID_0834,68.99,food,18,mobile,UAE,8,73.55,0
SID_0835,54.29,food,14,tablet,UK,1,60.18,0
SID_0836,246.33,travel,7,mobile,India,13,174.67,0
SID_0837,45.0,clothing,19,tablet,UAE,24,38.62,0
SID_0838,86.89,travel,16,mobile,UAE,9,60.76,0
SID_0839,100.04,clothing,0,desktop,India,22,102.44,0
SID_0840,1.32,food,11,mobile,USA,10,1.22,1
SID_0841,108.93,food,18,mobile,UAE,15,106.88,0
SID_0842,19.61,travel,14,mobile,UK,5,14.08,0
SID_0843,324.6,entertainment,8,desktop,UAE,22,236.0,0
SID_0844,16.09,travel,6,mobile,UK,16,10.05,0
SID_0845,53.55,clothing,1,desktop,UK,13,42.48,0
SID_0846,8.92,travel,8,tablet,UAE,22,8.35,0
SID_0847,576.81,electronics,9,mobile,UAE,25,643.01,0
SID_0848,69.75,clothing,1,desktop,UK,20,69.76,0
SID_0849,90.48,clothing,18,desktop,India,18,77.92,0
SID_0850,6.94,entertainment,10,mobile,India,11,8.13,0
SID_0851,138.61,food,12,tablet,UAE,27,142.98,0
SID_0852,23.56,clothing,9,desktop,USA,9,27.28,0
SID_0853,228.33,food,13,mobile,India,16,209.28,0
SID_0854,22.96,travel,17,tablet,UAE,2,17.34,0
SID_0855,21.16,electronics,18,desktop,India,26,13.37,0
SID_0856,3.72,entertainment,21,desktop,USA,25,3.85,0
SID_0857,63.88,food,8,tablet,UAE,2,42.98,0
SID_0858,83.2,clothing,6,tablet,USA,12,65.03,0
SID_0859,6.8,food,2,mobile,UAE,8,6.25,0
SID_0860,149.4,clothing,19,mobile,USA,9,140.23,0
SID_0861,60.38,food,5,desktop,India,12,57.99,0
SID_0862,74.32,clothing,20,tablet,India,26,52.01,0
SID_0863,58.12,travel,1,tablet,USA,9,48.11,0
SID_0864,51.21,clothing,5,tablet,USA,10,49.69,0
SID_0865,82.02,clothing,2,desktop,USA,25,96.94,0
SID_0866,16.87,electronics,15,tablet,UAE,2,17.49,0
SID_0867,20.08,clothing,7,tablet,India,16,23.16,0
SID_0868,197.89,electronics,1,desktop,UAE,20,209.23,0
SID_0869,292.09,entertainment,16,mobile,India,7,278.95,0
SID_0870,46.73,electronics,8,mobile,UK,28,33.42,0
SID_0871,31.57,travel,11,desktop,UAE,2,31.57,0
SID_0872,103.28,electronics,2,tablet,India,1,100.6,0
SID_0873,52.55,entertainment,10,desktop,India,19,50.53,0
SID_0874,2.57,travel,0,mobile,UAE,28,2.3,0
SID_0875,16.98,food,22,mobile,UAE,4,15.57,0
SID_0876,125.87,food,12,desktop,India,24,100.78,0
SID_0877,107.56,electronics,14,desktop,UAE,22,98.05,0
SID_0878,2.75,electronics,4,mobile,USA,27,1.98,0
SID_0879,25.1,entertainment,20,desktop,UAE,2,27.19,1
SID_0880,26.28,entertainment,16,mobile,UAE,25,18.7,0
SID_0881,111.44,clothing,22,desktop,UAE,14,72.55,0
SID_0882,1.99,entertainment,23,desktop,India,2,1.71,0
SID_0883,10.99,clothing,5,desktop,USA,29,10.93,0
SID_0884,160.9,travel,20,mobile,UK,15,138.8,0
SID_0885,19.67,electronics,21,desktop,UK,12,15.07,0
SID_0886,105.77,travel,10,mobile,USA,5,98.88,0
SID_0887,27.2,entertainment,17,mobile,USA,28,21.98,0
SID_0888,10.47,travel,3,desktop,USA,20,12.14,0
SID_0889,27.86,travel,2,desktop,India,29,32.14,0
SID_0890,128.11,travel,12,mobile,UK,7,115.48,0
SID_0891,193.58,entertainment,22,mobile,USA,24,154.23,0
SID_0892,177.33,travel,8,tablet,India,21,184.83,0
SID_0893,50.61,clothing,20,mobile,UK,10,31.48,0
SID_0894,110.29,entertainment,5,tablet,UAE,14,97.59,0
SID_0895,22.94,travel,11,tablet,India,14,18.39,0
SID_0896,34.69,entertainment,1,tablet,UK,5,39.97,0
SID_0897,226.66,food,2,desktop,India,18,137.63,0
SID_0898,1.31,clothing,2,desktop,UK,24,1.22,0
SID_0899,8.94,travel,11,mobile,UK,14,9.34,0
SID_0900,23.31,food,14,tablet,UAE,2,20.77,0
SID_0901,2.69,food,8,desktop,India,26,1.75,0
SID_0902,20.02,entertainment,22,desktop,USA,12,23.69,0
SID_0903,87.48,food,7,desktop,UAE,22,79.68,0
SID_0904,54.72,clothing,10,desktop,UAE,24,53.0,0
SID_0905,223.19,clothing,15,desktop,UK,6,165.6,0
SID_0906,170.07,electronics,21,tablet,USA,4,151.38,0
SID_0907,41.83,clothing,3,tablet,India,13,35.87,0
SID_0908,30.03,food,0,tablet,USA,4,19.37,0
SID_0909,47.75,clothing,23,tablet,USA,22,31.69,1
SID_0910,89.23,entertainment,6,mobile,USA,14,98.37,0
SID_0911,31.21,electronics,1,tablet,USA,16,23.22,0
SID_0912,97.86,food,23,desktop,USA,29,70.16,0
SID_0913,52.66,electronics,4,tablet,UK,4,47.55,0
SID_0914,80.31,food,6,mobile,UK,24,85.23,0
SID_0915,57.29,entertainment,3,desktop,UAE,25,36.5,0
SID_0916,34.88,electronics,4,tablet,UK,1,33.0,0
SID_0917,296.53,travel,23,tablet,UAE,13,199.13,0
SID_0918,144.23,food,0,tablet,UAE,4,89.69,0
SID_0919,15.1,travel,0,desktop,India,20,9.54,0
SID_0920,202.85,electronics,14,desktop,USA,18,223.24,0
SID_0921,66.83,travel,19,mobile,UK,6,44.83,0
SID_0922,224.95,travel,18,desktop,India,3,141.06,0
SID_0923,160.87,electronics,9,desktop,UK,23,138.79,0
SID_0924,55.38,entertainment,17,tablet,UAE,13,61.27,0
SID_0925,2.27,travel,2,desktop,UK,27,1.72,0
SID_0926,31.29,travel,10,tablet,USA,16,26.69,0
SID_0927,78.01,entertainment,14,tablet,UAE,27,48.67,0
SID_0928,100.37,travel,10,desktop,UAE,5,87.27,0
SID_0929,29.83,travel,16,mobile,India,4,28.24,0
SID_0930,15.01,travel,16,mobile,USA,21,14.15,0
SID_0931,180.14,clothing,5,desktop,UAE,8,144.01,0
SID_0932,416.06,entertainment,4,mobile,USA,19,328.4,0
SID_0933,74.59,travel,7,tablet,UK,14,49.53,0
SID_0934,18.84,entertainment,1,tablet,USA,7,15.45,0
SID_0935,31.79,food,15,desktop,UAE,14,20.97,0
SID_0936,1.86,food,19,mobile,India,6,1.97,0
SID_0937,245.69,travel,23,mobile,UAE,12,289.86,0
SID_0938,12.53,entertainment,11,tablet,USA,16,14.81,1
SID_0939,85.92,entertainment,5,desktop,USA,17,96.15,0
SID_0940,32.03,entertainment,0,mobile,UAE,13,30.76,0
SID_0941,80.78,clothing,3,desktop,USA,23,82.44,0
SID_0942,105.39,food,16,mobile,UK,14,81.27,0
SID_0943,177.04,entertainment,12,tablet,UAE,29,173.23,0
SID_0944,23.12,entertainment,17,tablet,India,7,20.19,0
SID_0945,1.11,clothing,4,desktop,UAE,14,0.99,1
SID_0946,14.72,clothing,23,tablet,UK,15,15.52,0
SID_0947,230.28,entertainment,23,mobile,UK,12,177.12,0
SID_0948,207.06,electronics,2,tablet,UK,17,163.75,0
SID_0949,90.98,entertainment,10,desktop,UK,9,105.06,0
SID_0950,91.76,entertainment,12,desktop,UK,22,58.15,0
SID_0951,109.37,clothing,3,desktop,India,15,97.49,1
SID_0952,19.28,clothing,13,mobile,USA,12,22.13,0
SID_0953,245.82,entertainment,21,mobile,UK,2,237.52,0
SID_0954,54.26,entertainment,10,mobile,UK,5,50.34,0
SID_0955,48.31,entertainment,9,mobile,UAE,13,36.23,0
SID_0956,73.17,clothing,18,mobile,India,27,58.97,0
SID_0957,4.81,entertainment,17,tablet,India,20,5.35,0
SID_0958,18.19,entertainment,5,mobile,USA,23,17.02,0
SID_0959,133.95,travel,14,mobile,India,8,121.74,0
SID_0960,8.64,electronics,20,tablet,UAE,27,5.7,0
SID_0961,92.42,food,9,mobile,UAE,14,56.34,0
SID_0962,28.15,electronics,4,desktop,USA,15,33.17,0
SID_0963,49.31,travel,4,mobile,UAE,11,40.74,0
SID_0964,34.07,food,9,mobile,UK,1,32.77,0
SID_0965,43.95,entertainment,4,desktop,UK,21,28.47,0
SID_0966,126.96,travel,2,desktop,UAE,3,128.21,0
SID_0967,35.26,entertainment,22,desktop,USA,17,40.89,0
SID_0968,83.56,clothing,5,desktop,India,28,79.0,0
SID_0969,64.64,travel,3,mobile,USA,19,43.68,0
SID_0970,108.97,clothing,17,desktop,India,14,103.42,0
SID_0971,276.19,travel,8,desktop,UAE,22,292.71,0
SID_0972,131.89,travel,16,tablet,UAE,23,111.3,0
SID_0973,24.2,clothing,12,desktop,UK,8,27.3,0
SID_0974,3.17,food,14,desktop,India,13,3.14,0
SID_0975,30.42,electronics,19,tablet,USA,27,34.67,0
SID_0976,90.41,entertainment,16,tablet,UAE,20,88.07,0
SID_0977,5.28,travel,12,mobile,USA,3,3.58,0
SID_0978,68.59,entertainment,15,tablet,UK,5,53.9,0
SID_0979,90.84,clothing,21,mobile,India,9,65.5,0
SID_0980,40.68,entertainment,3,tablet,India,29,46.59,0
SID_0981,147.36,clothing,4,tablet,UAE,6,155.65,0
SID_0982,11.27,entertainment,4,mobile,India,25,11.34,0
SID_0983,7.81,electronics,8,tablet,UAE,22,6.1,0
SID_0984,130.26,electronics,16,mobile,UK,2,92.54,0
SID_0985,68.42,electronics,12,tablet,India,13,72.11,0
SID_0986,116.6,electronics,1,desktop,UAE,5,103.13,0
SID_0987,57.06,electronics,12,tablet,USA,28,41.97,0
SID_0988,28.29,electronics,21,mobile,UAE,27,27.44,0
SID_0989,170.98,clothing,20,tablet,India,25,106.73,0
SID_0990,160.65,travel,22,mobile,UK,8,127.83,0
SID_0991,118.64,entertainment,18,mobile,India,23,104.54,0
SID_0992,31.77,electronics,2,desktop,India,1,21.88,0
SID_0993,89.22,clothing,9,desktop,UAE,20,106.24,0
SID_0994,44.78,clothing,1,mobile,USA,12,32.49,0
SID_0995,9.61,clothing,12,tablet,India,23,6.52,1
SID_0996,249.27,travel,18,mobile,USA,11,180.0,0
SID_0997,14.71,entertainment,16,mobile,UAE,7,15.61,0
SID_0998,300.05,travel,20,tablet,USA,15,256.63,0
SID_0999,59.06,food,13,tablet,UAE,22,55.47,0
